"Sample","Ct","dH","dS","dG","Tm"
"38",0.000257,-83.99,-253.09,-5.49,38.46
"39",5.04e-05,-76.95,-230.71,-5.4,34.19
"40",1.7e-05,-70.73,-210.88,-5.32,30.79
"42",0.000133,-79.47,-238.32,-5.56,37.22
"43",3.06e-05,-75.16,-224.79,-5.44,33.05
"44",9.97e-06,-68.24,-202.87,-5.32,29.14
"46",8.79e-05,-76.73,-229.57,-5.53,36.09
"47",1.83e-05,-71.14,-211.78,-5.45,31.56
"48",6.23e-06,-66.15,-196.41,-5.24,27.25
