"Sample","Ct","dH","dS","dG","Tm"
"50",0.000757,-86.69,-253.29,-8.13,50.84
"51",0.000147,-81.05,-235.82,-7.91,46.75
"52",3.04e-05,-79.15,-229.81,-7.88,42.86
"54",0.000441,-85.52,-249.8,-8.05,49.38
"55",8.71e-05,-83.72,-244.2,-7.98,45.46
"56",1.86e-05,-79.82,-232.67,-7.65,40.7
"58",0.000236,-84.84,-247.28,-8.14,48.36
"59",4.96e-05,-78.51,-227.92,-7.82,43.9
"60",1.41e-05,-72.36,-208.83,-7.6,40.08
