"Sample","Ct","dH","dS","dG","Tm"
"14",0.000369,-55.61,-156.29,-7.14,50.19
"15",5e-05,-55.68,-156.64,-7.09,42.62
"16",1.06e-05,-59.44,-167.8,-7.39,38.77
"18",0.000216,-44.85,-123.11,-6.66,47.45
"19",3.04e-05,-53.15,-148.53,-7.08,40.95
"20",6.87e-06,-69.96,-202.23,-7.24,36.61
"22",0.000106,-58.39,-165.69,-7,44.41
"23",1.6e-05,-51.8,-143.9,-7.17,39.23
