"Sample","Ct","dH","dS","dG","Tm"
"62",0.000443,-66.43,-208.08,-1.89,24.17
"63",7.54e-05,-65.96,-206.28,-1.98,19.83
"64",1.74e-05,-59.99,-186.24,-2.23,15.25
"66",0.000268,-51.73,-158.4,-2.6,22.88
"67",4.48e-05,-62.17,-193.59,-2.13,18.04
"68",1.1e-05,-49.34,-150.03,-2.81,12.51
"70",0.000154,-55.37,-170.72,-2.42,21.12
"71",2.66e-05,-62.16,-193.46,-2.16,16.78
"72",6.78e-06,-51.73,-159.39,-2.3,9.48
