"Sample","Ct","H","S","G","Tm"
"1",2.69068754010695e-06,-36.49,-0.093,-7.65,27.84
"2",4.77489941176471e-06,-41.89,-0.1112,-7.41,29.8
"4",8.42578907754011e-06,-34.95,-0.0893,-7.24,29.96
"5",1.3106035040107e-05,-43.12,-0.1152,-7.38,34.14
"6",2.19473609358289e-05,-42.86,-0.1145,-7.35,36.17
"7",3.72738761764706e-05,-46.73,-0.1267,-7.43,38.97
"8",6.63492131016043e-05,-71.8,-0.2082,-7.24,38.97
"9",0.000106262778208556,-56.48,-0.1574,-7.67,43.62
"10",0.000162161352807487,-60.91,-0.1716,-7.69,44.62
