"Sample","Ct","dH","dS","dG","Tm"
"1",2.69e-06,-36.49,-93,-7.65,27.84
"2",4.77e-06,-41.89,-111.17,-7.41,29.8
"4",8.43e-06,-34.95,-89.32,-7.24,29.96
"5",1.31e-05,-43.12,-115.24,-7.38,34.14
"6",2.19e-05,-42.86,-114.5,-7.35,36.17
"7",3.73e-05,-46.73,-126.69,-7.43,38.97
"8",6.63e-05,-71.8,-208.17,-7.24,38.97
"9",0.000106,-56.48,-157.35,-7.67,43.62
"10",0.000162,-60.91,-171.59,-7.69,44.62
