"Sample","Ct","dH","dS","dG","Tm"
"1",5.06e-06,-58.48,-159.34,-9.06,40.69
"4",1.31e-05,-68.4,-191.13,-9.12,43.17
"5",2.28e-05,-59.5,-162.79,-9.02,45.42
"6",3.93e-05,-57.08,-155.26,-8.93,47.21
"7",6.23e-05,-62.46,-171.73,-9.19,49.24
"8",0.000103,-60.65,-166.63,-8.97,50.09
"9",0.000164,-63.45,-175.19,-9.12,51.8
"10",0.000267,-65.28,-180.58,-9.28,53.77
