"Sample","Ct","H","S","G","Tm"
"3",5.96765528074866e-06,-58.19,-0.1541,-10.41,48.84
"4",9.63098862299465e-06,-63.65,-0.173,-9.98,47.1
"5",1.56765697994652e-05,-56.8,-0.1496,-10.4,52.66
"6",2.69178910561497e-05,-63.67,-0.1713,-10.54,53.4
"7",4.54487520187166e-05,-71.71,-0.1949,-11.26,56.53
"8",7.24617045320856e-05,-62.99,-0.1684,-10.74,58.12
"9",7.77329225802139e-05,-60.85,-0.1624,-10.48,57.65
