"Sample","Ct","H","S","G","Tm"
"38",0.000305177147918512,-83.98,-0.2534,-5.38,38.46
"39",5.98361381753764e-05,-76.95,-0.2311,-5.29,34.19
"40",2.02125775022143e-05,-70.73,-0.2112,-5.22,30.79
"42",0.000158565101860053,-79.47,-0.2387,-5.45,37.22
"43",3.63300856214939e-05,-75.15,-0.2251,-5.33,33.05
"44",1.18423383525244e-05,-68.24,-0.2032,-5.22,29.14
"46",0.000104433126660762,-76.73,-0.2299,-5.42,36.09
"47",2.17581930912312e-05,-71.14,-0.2121,-5.35,31.56
"48",7.40183052849129e-06,-66.16,-0.1968,-5.13,27.25
