"Sample","Ct","H","S","G","Tm"
"2",0.000281853898096992,-56.73,-0.156,-8.34,56.17
"3",6.64702271332106e-05,-55.04,-0.1505,-8.36,51.31
"6",0.00016427255985267,-56.5,-0.1551,-8.38,54.47
"7",4.36525475751995e-05,-56.33,-0.1551,-8.23,48.68
"8",9.94475138121547e-06,-54.41,-0.1487,-8.3,44.01
"10",9.26273787599754e-05,-57.33,-0.1583,-8.23,51.17
"11",2.72744014732965e-05,-70.52,-0.2008,-8.24,44.94
"12",8.34561080417434e-06,-57.75,-0.1605,-7.97,41.13
