"Sample","Ct","H","S","G","Tm"
"14",0.000529392772511848,-55.61,-0.157,-6.92,50.19
"15",7.19105450236967e-05,-55.68,-0.1574,-6.87,42.62
"16",1.52873222748815e-05,-59.44,-0.1685,-7.17,38.77
"18",0.000310654620853081,-44.84,-0.1238,-6.44,47.45
"19",4.37174170616114e-05,-53.15,-0.1493,-6.86,40.95
"20",9.87559241706161e-06,-69.96,-0.203,-7.02,36.61
"22",0.000153113151658768,-58.39,-0.1664,-6.78,44.41
"23",2.30420616113744e-05,-51.8,-0.1446,-6.95,39.23
