"Sample","Ct","H","S","G","Tm"
"26",0.000315232012513034,-64.76,-0.1861,-7.05,47.29
"27",6.32247132429614e-05,-59.29,-0.1691,-6.84,41.7
"28",1.28727841501564e-05,-60.38,-0.1728,-6.81,36.31
"30",0.000177069864442127,-63.21,-0.1813,-6.97,45.28
"31",3.61783107403545e-05,-60.59,-0.1734,-6.82,39.67
"32",7.56517205422315e-06,-60.76,-0.174,-6.8,34.64
"34",9.679614181439e-05,-63.89,-0.1835,-6.99,43.41
"35",2.08993743482795e-05,-60.44,-0.1726,-6.9,38.32
"36",5.78467153284672e-06,-60.98,-0.1745,-6.87,34.15
