"Sample","Ct","dH","dS","dG","Tm"
"2",0.000695,-56.11,-155.42,-7.9,57.14
"3",0.000158,-54.51,-150.56,-7.81,51.39
"4",3.15e-05,-55.34,-152.51,-8.04,46.52
"6",0.000398,-55.29,-152.88,-7.88,55.12
"7",9.85e-05,-55.64,-154.52,-7.71,48.72
"8",2.14e-05,-52.71,-144.85,-7.79,43.99
"10",0.000237,-56.44,-157.31,-7.65,51.41
"11",7.48e-05,-55.48,-155.05,-7.4,45.86
"12",1.55e-05,-57.75,-161.73,-7.58,41.14
