Helix,dG,dH,dS
ACCGGU,-7.39,-52.47,-0.190895617192462
CCAUGG,-6.53,-56.17,-0.210205377937751
CGAAAGGU/ACCUUUCG,-9.36,-64.66,-0.234173195003176
CGCGCG,-8.39,-59.07,-0.214609358458607
CGUUGC/GCAACG,-6.91,-51.57,-0.189117086597502
CUGAGUC/GACUCAG,-8.61,-64.07,-0.234850730467923
FAMCGAAAGGU/ACCUUUCGBHQ1,-13.29,-77.73,-0.272877408426847
FAMCGUUGC/GCAACGBHQ1,-10.84,-63.64,-0.223586703366504
FAMCUGAGUC/GACUCAGBHQ1,-12.54,-77.14,-0.273554943891594
GAUAUAUC,-5.77,-68.77,-0.266779589244125
GCAAUUGC,-8.53,-77.37,-0.291509633707389
