"Sample","Ct","dH","dS","dG","Tm"
"2",0.000692,-56.73,-157.79,-7.79,56.17
"3",0.000157,-55.04,-152.23,-7.83,51.31
"4",3.14e-05,-55.14,-151.87,-8.04,46.54
"6",0.000397,-56.5,-156.9,-7.84,54.47
"7",9.76e-05,-56.33,-156.68,-7.74,48.68
"8",2.12e-05,-54.41,-150.16,-7.83,44.01
"10",0.000237,-57.33,-160.18,-7.65,51.17
"12",1.55e-05,-57.75,-161.76,-7.58,41.13
